{"A": [0.00042658287242193635, 0.0035631298686505586, 0.011287281174405066], "B": [0.0011531229503635935, 0.004657505811287854, 0.012076360010884805]}